horas_sue√±o,carga_trabajo,actividad_fisica,nivel_estres
7.475987589205186,1.8941916214551728,1.0028230391433008,1.8421920627176052
3.1750752865586684,7.171122389331568,4.621486966675202,8.691766690922211
4.925205228583835,5.900192753339304,1.5472991831222278,7.726798500185283
4.562475167041759,9.800582765068421,2.103506676301937,10.0
8.155298499148087,4.2280645709108615,0.42670345974733515,3.297401035927851
7.736896411960379,4.5832567846993575,6.639641785187049,1.0
9.245256973933918,2.708277059449716,6.157997236747181,1.0
3.608571828405913,2.099437471785374,6.381043659343811,2.8825332218005357
5.953452737796892,8.63229869617313,4.3819519635383095,6.694329297105418
3.2085805360664925,5.092456317134654,2.9904040760618047,8.13038555718467
4.5304658236252235,6.964918642557802,3.469345512451147,7.706834066980172
6.537487016723537,6.775340205098958,6.806031647405801,2.811065590826863
3.185751787787045,6.374313635675906,6.591104868823383,6.662775355019903
4.391863554806539,1.1922170926273357,4.699397673220056,2.393959037079983
7.549191064456663,8.081151314091551,5.500632171863626,3.555449253620709
6.814590364222517,3.192120074476213,2.231141201214186,2.81438878166402
4.543084354284877,2.133314967772386,2.9142724339501127,4.214960045310978
7.124859787131361,6.08120178317167,1.0445232547761458,5.583963403636401
8.666013196744785,1.617491375419203,2.6352213195499243,1.0
3.045491317746427,7.88641638299726,5.280912680666877,8.957904648635282
8.640734762829656,2.8644163331199266,3.3146317428855396,1.0
7.8869757649175884,2.9435621672680727,5.945386525820283,1.0
5.381753615625943,8.827258840925902,2.1051549315660347,9.130094281893365
4.0883564986824705,3.957035980890074,4.9530375824158055,4.79247467860203
9.700491505447468,2.327987619472993,5.640433119544209,1.0
5.356161815788387,9.104779320685823,6.403188216711339,6.374197525904657
3.6492209036610355,1.0255199633201473,3.936701647108364,3.6856597332870207
3.6770146378342483,8.725655137421587,6.774503319826387,7.8259542206577
8.932460564432219,2.302191822884572,3.9010073073949116,1.0
7.226082219568237,2.169929182990931,0.9386492574135462,2.407590202721378
8.649897912920661,3.2558877705531146,1.7000096126271003,1.0348259920987284
8.108122506856725,2.570474088112541,1.4233571314203808,1.3302822702676964
6.753596640182906,6.949518783375852,4.526940960835613,4.286440385896267
9.811810347855594,1.2320213480757851,6.4555827315785566,1.0
5.649740640458474,1.1337429450763796,5.929933701437283,1.0
6.86428441891259,8.109861978112786,0.6472479756880456,7.79767469681349
8.805832649770963,3.141384454814167,5.072092986150413,1.0
7.329638266549722,3.9139431576582018,1.333371329015168,3.402228675956278
9.03194830217544,2.5682158126555947,1.8792311149848684,1.0
7.041465016797334,1.4715911607505885,4.715703444442049,1.0
7.932002853504464,7.6754625125873455,4.220454314923531,3.6676485654180486
3.3207706855896353,5.734769739380804,6.1153432094267774,6.322150722198336
4.595287929560828,7.710987475305961,1.3171430575292873,9.732444324501273
5.02571574521475,5.286213688809252,5.33187492276047,4.465799610857373
3.5585438384653925,8.002153353827826,5.070136678965044,8.582374401628257
4.629536204527211,5.619141618482725,3.911953333907691,6.201502515618144
3.7070100058681037,1.9814860900346096,3.3557594452964037,4.787745253278482
4.945815221770645,5.534548208072392,6.086316960671765,4.232238427862905
7.449791109850802,9.508740786730957,2.330750175731749,7.035718174551581
5.55382525279059,1.3902853320925455,6.699138323686712,1.0
5.591266769818178,8.049042963823418,0.10733594359944987,9.654579086757305
4.466549215400414,8.802828169838545,6.560118342415734,7.090320637699328
4.868844754343794,5.693060932417756,6.734542892801213,3.997655015760804
9.556582113987458,5.1223826988791386,0.8212133961033414,2.055158245046023
7.5362476967261545,9.676235648098258,6.997004049124682,3.7995884480199438
7.263917039668917,1.5474286674505524,3.3524461343965606,1.0
4.197970537386679,5.310837198985269,1.6981522729201908,8.022398523280067
8.103887585652444,4.614555290613044,4.230810738551468,1.0054116127214758
4.143817456333499,7.174877464560094,1.4315920008452558,9.765206623456198
5.656188092303534,5.412419687298027,6.405885217154895,3.0583903870657565
9.926663454456166,9.187307462037063,3.8645550478347017,2.73266129079796
7.47999831897865,1.6614164418980546,5.4285971744463914,1.0
6.898648206422523,1.7271142966971273,2.664632210610458,1.2380710422233545
7.792299756929122,6.4746768127009595,3.7355508919138414,3.214096117506133
8.899963441328667,1.5911400998810252,2.5148168888610303,1.0
8.431999380823713,3.4751439960215786,1.8309313916974683,1.38006396564058
4.60333650374873,6.697690518709139,3.5897157801664146,7.321347564352346
3.2247017073282644,5.935207906435245,3.4809410517068833,8.441865540159462
5.2081713364135735,3.9266689898680114,0.6902576209583603,6.40834925352727
4.874186131829919,9.951649802748312,6.869229197926037,7.303836045454522
4.476879905104285,5.775011536881921,3.2864329541579087,6.94725027546986
9.60036800034538,5.083438758179245,5.878118270945794,1.0
9.134573385308682,6.448841123817816,6.400313492282423,1.0
5.202745165589345,1.8926061551113778,2.594934450018809,3.4543366103687223
7.5880706570641605,7.316014766914596,2.897511194050372,4.718869189219424
5.76942330742465,8.675134635660175,3.9376730922504803,7.260428575043225
9.401833128183805,6.858249983931748,1.5489186882135768,3.12015715157533
6.211962968111791,7.920664570942647,1.0214589917178398,8.16715480081748
4.854161165486367,7.487559249918393,1.825418769368387,8.887260862793202
4.726392553857885,2.935207596947472,6.543307752074474,2.096179586476384
6.929576939142056,5.063994243687533,4.054000482261803,2.8979027303962996
4.839191259660547,3.05644216928126,2.9230465148862153,4.591991663412001
7.092101931564784,4.050384569516577,1.0668798712890029,3.98296942783322
9.284760185217339,5.081490126167026,2.3090570018450194,1.3071399773813024
5.795803535982781,4.743906852353457,2.658878423188079,4.978946342471774
4.535245314100983,1.8557725534806777,5.833539007008896,1.9588463609571356
9.982763245465772,4.8408760563486215,3.4951103765852576,1.0
6.5666840557352515,6.98597076754278,4.582255762847153,4.501176713158916
3.6363658852165575,4.368709210919832,4.793926286421343,5.775579905981056
3.3298146279731418,2.373750322918514,1.8012873034441794,6.642321592356116
3.767543912454614,9.30686532160946,5.751143577846494,8.898639057849485
7.3921222919216305,1.6041997732298299,6.765557870752406,1.0
8.54455555054075,8.48594699627369,4.49186118079095,3.390988109816388
5.955119767597788,1.8390709153330966,3.4341690780654766,1.9211946565032987
3.4446939430637,1.8690798930920707,1.177635521660787,6.537286317634665
5.671335005545757,7.649163986398441,5.564828600475439,5.4183491621310385
9.972849661680677,8.305923567496531,1.1848599760212721,3.8479172767655223
6.703800415693959,6.007336620538151,5.042194715334656,3.231772496863513
9.797548643295327,6.278185744655293,3.4182142487789267,1.0
9.025457915641486,6.054277725928652,6.418295727860568,1.0
3.0803671535997372,3.9668138327458453,3.794957987459486,6.820539890655352
8.045052735521363,2.1000815681910336,4.492666242276566,1.0
7.771972583186024,4.182382716703909,0.41112436106511097,3.731752020794322
6.758792312861566,6.988064680026239,0.23676630015283384,7.31416455848013
4.8677763296678,7.752558252263304,5.926881682279056,6.211897828613943
7.486732590058656,8.812829339821585,6.616316778406287,3.4347626189024805
3.780865215171135,7.489546108715345,4.67750880375207,8.180342466140466
6.043356754683735,9.71558762780327,5.350371905004135,6.775181663119239
6.176065944304446,6.403690821022093,2.886745556909149,5.690951633815937
9.676711492647561,4.16481567123834,5.897813017777439,1.0
9.130970582647358,6.201266665508694,1.6200337445421185,2.8698250120506437
4.8437233552576355,2.914649251048055,4.950186945924219,3.054120512382328
6.504102791352088,6.910626726893369,0.06399023183463237,7.678784869607948
4.25056316371092,3.0182038219680902,3.540130437851456,4.8357959546253495
9.388394875413743,1.9739654373453996,2.6124048488076834,1.0
9.09362998885737,8.608360767412105,4.324846651137621,2.9469399715045075
5.08911354014043,4.308049455538152,4.667283106873378,4.072405141450641
7.472646464062036,7.863450687431648,4.3156355275903655,4.302639923757619
7.262791480067206,6.166900038983164,3.3824290753527757,3.8504699023589426
4.069874879847443,8.2649923403711,3.414980688021499,9.3376575348649
8.337575600526058,8.606396451955224,0.046286498945112275,6.847625891671331
6.77565321083738,9.770919419131374,3.861504926378798,6.982898233835085
8.450385350413907,8.365841735866027,0.08295677689524705,6.494141224369462
6.712475705366242,6.522159524819183,3.7059235278915543,4.568610303891768
3.0040032728956048,6.784292474468483,1.9231851603848238,10.0
5.269092399032711,1.2362844830822506,6.842355437627582,1.0
3.136337196700826,9.361758618954427,0.1199981832169904,10.0
9.50369031385232,8.465147109636966,5.692100546397369,1.3832189286086316
9.15105314476229,3.407029526386996,4.718230664834472,1.0
8.821658705528256,2.6237446476476896,5.643173892632002,1.0
5.15259887781863,7.324288955790442,6.368413561991363,5.218423017856044
3.405476165459313,3.7808621994691913,0.7491150008614503,8.413737860421161
9.146067194428284,4.0584219109953255,0.6741972317598592,1.7995188332504195
9.628646117085959,1.0549521046329282,1.0422824001817537,1.0
3.5995741644751513,8.828764358827943,1.3435243989412924,10.0
6.4019332432162965,6.096889852852386,3.6851918978015137,4.615557661961294
3.4844876292786853,4.60705909599564,5.706500734992979,5.509711607167006
8.324215156800621,2.276871887361418,1.8712731567364507,1.0
8.360841005148913,6.698548113899625,2.7782749574865,3.3810368147004546
3.8987402514983396,1.275913885428153,2.6113610842457753,4.514290047572473
6.326976646691119,7.71500585805136,2.842191869117202,6.590098402029707
6.8486251544646075,2.9361959203015986,3.9550152771357836,1.362095856888701
4.855396402580414,4.778492443880529,6.931631221478091,3.144176416973262
9.107031287596802,4.068063835923995,1.5810007683919554,1.2193129857486653
5.961965581406208,4.330477832293035,4.788291378292699,2.9582196033420898
4.4825874380945745,7.494363709684059,5.93506971422075,6.461837242079236
6.775072621456209,7.991520579700669,4.576150036914072,5.059824292173236
8.109517483629833,6.108342009529576,6.00753411314831,1.0
4.408057443727872,1.7646133597946136,5.317100951237913,2.400051089495706
5.182014039106265,1.473479437829696,0.6545035379897659,4.502214226743403
9.966045496626263,2.4166890739643785,2.6548481556787116,1.0
7.549146403476175,6.560543637334275,3.8689100767078672,3.481222172000504
6.066700587401528,7.065718395518017,0.3928045739027599,8.097570809800647
6.623030887249135,3.4489255919159705,0.06615120857891432,4.7651975628285745
3.84702937107786,6.957448235274351,1.1996850265473333,10.0
4.572881359220902,5.370955344018967,3.4990087517895443,6.36000051789741
5.366598935032187,4.978397680280012,3.037367563801636,5.41664212752424
7.118161029200634,3.458501599282925,5.490634175530778,1.0
4.610803128176039,7.794488293015336,3.960996395657245,7.9299294036409504
4.541521691160916,2.024357572991816,6.005722193545686,1.9656544935183735
3.496951602063228,4.869222700581013,0.6675328482951105,9.23176324418236
7.417720700890692,3.549218230724044,3.697114299491536,1.3501297338663303
4.6025924866780805,7.1063762928411975,0.29786230331931574,9.953486437935743
9.337940091042896,5.379694780278258,1.4799193911918302,2.0622841411368507
9.017447801776225,7.004193028627146,6.076818234071239,1.0
3.496001449220574,1.4087562634398476,6.212880149241455,2.5827871672181715
4.666032440582967,4.557370564788661,3.328502013516913,5.71670611366953
7.682844448073964,6.3939246125000535,0.325933795192203,5.6675726956767445
4.49965765159307,1.069183773098946,0.5204364194795575,5.091452342931783
3.926182941075175,3.712774258165931,6.479093670566463,3.723434307846011
9.548599684064698,2.9011058129828107,6.29518155605506,1.0
6.997301653276992,2.235113247315943,3.9445690483358846,1.0
6.308697184182559,3.2996755361931336,0.23031246107430325,4.908085085183425
8.492335970035274,3.95310120344057,6.501364528782615,1.0
8.652478984366503,1.0695691591238075,2.2013928525865567,1.0
4.332869400533144,7.72312711086791,6.730284329132041,6.267859377662127
3.678515699601763,2.5812532168825806,4.109252728591419,4.774306823969956
6.017358276844643,4.421867011437126,5.265781288928055,2.6306167746864912
5.965050361139445,7.333041370443972,4.988979799645518,5.216086803235982
6.269172676256725,5.5023611190059185,2.788072142765854,4.927231183760568
8.103530946218953,8.500187821778905,0.5385624400894211,6.6989194138977854
7.713551831053111,8.255801679100875,1.137151755002941,6.55237291751491
9.889156479561763,1.6486794693294207,1.6833053601300074,1.0
3.688925098063712,8.755879258203297,5.842553920642263,8.4882055444366
5.818348974715882,1.3807203540651223,2.7240962515715115,2.2156901374929827
5.375118237764742,1.1686738292708112,6.275680369019039,1.0
9.031707754469537,9.290461910521712,2.3221088773528,4.968844008906967
4.740594337441999,8.758990122508598,5.289264851646246,7.6159934969241085
4.3314623590856804,6.18183244663148,0.979654159646381,9.061953214649902
6.1402948348319235,6.160597127972587,6.9193457053987215,2.7165819068006583
5.953171478840829,7.385490654120408,5.069144990660204,5.21618525522519
4.949816012668583,4.7592456385913255,3.5055499614640757,5.4137323226459095
4.748645135174703,2.036560353974184,6.820263292051974,1.156689816533322
9.46285919493209,1.1877090312227394,0.3758750236317552,1.0
6.1019152153741985,3.9229136150096244,3.059617769904494,3.674300194625516
9.029443733332814,8.21189938879407,5.870722603292225,1.6246812087313227
6.852277187148936,6.563127369738162,2.384149225325742,5.358864813483787
3.3541183066741684,8.488233217645364,5.383039573558096,8.997516904616624
9.994977278889086,9.277927765672462,6.68400877840266,1.0
8.852193095559663,1.7931689316809623,2.7769213451627164,1.0
9.782973800993258,8.600359238332272,5.414884412919257,1.350299740430429
9.484568881056893,3.189848273404603,0.20737961261615578,1.0252302326241032
8.940870140900138,6.299841594726207,1.9132892004015813,2.9715266664196944
4.164177774227398,5.715662887005685,6.9481011491555815,4.711846176122764
6.399487878155029,4.561900271733997,3.434224192775553,3.566177828658276
4.496231094394272,3.7924710565227517,2.4906783839409354,5.895024663186421
5.807282047846169,4.055619530336175,6.587999914795078,1.6641572264969833
3.4104477998052527,3.9976176024381878,3.022935623676813,6.989501785610478
5.652811832838413,2.513194372411179,4.757864006617112,1.8966764938908698
9.89716190645808,5.594349560879335,4.624703352604128,1.0
4.8564214072050635,2.026239758546973,0.5998588234571501,5.373384941771498
8.488494213639985,5.589568560906748,4.3303112318192145,1.254243930083967
6.185058571374003,9.153304584220454,5.586386216619227,5.990103030094103
5.96105240193114,4.144377389251423,4.9917597287487,2.66800721895968
9.701223486017712,7.546411951065139,0.5742660677120399,3.993675130232429
9.967958826448996,8.370537413723667,1.0795467470586289,3.9791966162991
6.890378263839327,8.335333051750126,4.981740083450317,4.912594466377687
8.02885792707428,3.1264196405205187,4.437306173741357,1.0
4.083577776918449,2.3179979644992494,5.177587022836162,3.3297941233119484
5.07695477846195,2.775446225415849,2.216747600770753,4.5762879256388125
9.780965554784112,6.421590867458493,0.7458564239788279,2.8780145314406815
7.054262035713793,7.841937659922029,0.03636655659021082,7.782979095467924
6.79536640961992,6.899581094668652,2.157872185954086,5.854714654023159
8.235828922653448,2.5943151605250625,2.5194224814282764,1.0
3.4001569103523814,7.955632803228042,1.8883651026757053,10.0
7.089243161212798,5.447053225156497,0.9275490314593957,5.201266464648263
6.519952680436595,7.790012427222872,1.3117424846951407,7.489846985967786
8.969039244337997,7.838894346469736,3.14190573915016,3.3089343665650808
4.102029095576382,5.040147312955567,3.883180004262074,6.391456932689344
9.725452322921154,9.317388325470935,2.8563092255819624,3.7839514149639903
3.560780256684108,6.080426050625193,0.1838333280930804,10.0
4.300774726865063,6.717684871545341,2.477400011416812,8.47903821700643
7.165245745150194,6.620696014977053,0.651449823219119,6.242247041548028
7.7264878752286315,8.778221873482746,4.18630658455991,4.820377439319903
4.646427265006518,6.644956662097946,2.2710123140068887,8.150543991865712
3.839206297629869,2.358616612537692,2.6966654217718857,5.3921799376339905
9.232011198906061,1.6145763264618047,2.042931459074247,1.0
4.723507434520374,4.9798725745265635,2.714596915648756,6.415471297242673
7.1616340747340885,3.725383916251116,0.5928966184996576,3.9713186103702274
7.335670572324721,3.4720630073754326,6.307952313995031,1.0
5.934574407351107,1.5055490819177024,6.336453020193512,1.0
7.085706025038573,5.566031967608003,6.847211448097211,1.1569303303720693
6.659479008723713,3.7936706554567983,4.003723015246776,2.2409556032242413
9.54294380415499,5.0672247733061395,1.1870804637462786,1.7712909290365275
4.429814395964755,1.5120104575055713,2.665124164421202,4.028244175751911
8.013342605525903,8.485269684968094,0.9718804127159173,6.491888332442251
4.670801668310922,1.690579010561095,2.107918857625481,4.2719580061379325
5.770500927538782,8.778250305327152,3.451867595475493,7.681691814382337
7.701831560719799,8.697640343104812,0.4428700519386808,7.405905365263014
5.099979558591336,6.535075495740163,3.0427338848392145,6.9781712068950785
5.213240373902979,5.563610356005596,2.9477163784076703,6.131598371235534
8.263051446900814,5.164404930345451,3.3896191975374994,1.8431287697191356
3.5078018014521013,5.9888473420447355,0.5384495297661,10.0
6.207998658330103,8.126360175388227,1.7618981645223202,7.818161035148836
9.989181085981096,9.062890890011223,1.7261304784290203,4.055004073931348
9.97267513498566,5.047603332858157,4.375235814382263,1.0
3.512825047697431,8.28834325928174,4.15664478627355,9.50563319979699
4.492080185869282,6.866537091837489,1.3688375741618233,9.144547148513578
4.8564029032528095,3.8937408659238555,0.748806573066314,6.763144607689294
9.532815645955964,5.280661251487626,2.1326059702587985,1.2923260468617852
9.166049215805078,2.357749690260747,6.641764236761956,1.0
9.1548916973918,1.5568633009099064,2.3255205071813885,1.0
5.586689621172187,1.9315168954335244,4.341345315122825,1.8022442503542178
4.104227826500624,9.092141505601962,5.628535233701677,8.40866514908965
8.83621468247865,4.090939982544409,2.3067920139548215,1.0545399572927725
7.924779475611596,7.428839942507164,2.343153566228699,4.793129086911726
7.2817443600816505,5.540941013508617,5.708328290021022,1.6988297756941972
9.910631445420531,2.5530302029272844,6.016559269705846,1.0
7.577834223975128,3.229693512384558,6.819577635532248,1.0
3.0547617500651056,4.939824468783097,0.9528713010478536,9.619135564214853
8.719728945808232,4.954796125863618,2.2446560876256134,1.9289029043830876
5.095651265399845,5.70473231738991,6.630952454112814,3.807337617553145
7.643721004762542,2.428715871833872,1.4059604209145018,1.786335197111897
9.572510027489727,4.355667838911944,2.1992829683680895,1.0
3.940037800753574,3.546042207529761,6.752022361663557,3.382372751955031
3.8080006929337156,4.678924575225883,6.781076552226868,4.426785242101441
3.7492518439659235,4.045304321572776,2.0401370610603724,7.3090453017568535
6.872565486193711,6.380972761446905,4.86470437370477,3.452406564131733
4.906437486203714,8.103042384072982,3.4370511902447163,8.188773090642627
7.233808789211567,6.825748212723762,4.031154971374725,3.958219543162822
8.023285309971586,1.5932066885174572,1.6969700774640115,1.0
4.42518118629217,1.850553527635849,2.6323871162690295,4.327554417169754
7.439665712195558,7.1054141035607294,5.715461608030392,2.7559093025926398
4.847887311412865,3.5573227649030237,2.7505459081762194,5.103011302503627
6.419722965045636,7.5136028950221565,0.7972147652839868,7.749164422264171
9.337355437555264,6.909076777694302,3.946953560401502,1.559567404808074
8.922725993063988,9.157084274473094,4.145589239752699,3.716483760074802
3.646089273989134,8.85951695854485,3.8194035981557546,10.0
5.9650304079460845,4.000258324545009,4.771988431910613,2.7017782677632773
4.936761567805762,6.244655631277777,3.8506940989823097,6.37612475436769
3.024819823614476,2.2728554252588604,6.671032280404072,3.5187779555868675
8.39783456113739,4.148387087822599,3.231355559832039,1.0
7.459793641109657,9.709268569234702,4.958569358792444,5.344663934901462
4.833686837040437,7.286319665306928,3.06918468016236,7.880202251683365
8.188616358435516,4.527621859018243,2.0393184558970674,2.3682349379640293
6.861762947884738,6.355371053364173,4.849846955270399,3.455288436540375
5.993808432864755,9.442019796091847,5.73275897603121,6.348114434213925
3.06768789725838,3.7862369867436483,5.569597851971681,5.449045616304687
3.526707020516369,4.390113754506702,2.8639911317143105,7.275248786785703
9.181744753101,8.124957620771891,3.495122507022722,3.035286637980407
9.327500000919251,8.318663054333209,4.433352277575645,2.358583848060515
6.819132024438656,7.031047599952503,1.694148173695592,6.255975929048701
8.842165139202116,8.46063075605018,4.610640779726227,2.9304578919892474
7.0775669654285585,7.648972049165345,5.006654739095984,4.121438963450819
4.036656498972379,7.168729962498186,5.523537342540441,7.024520031453386
3.8921186349749712,5.737540057607566,0.5177559490760192,9.557060519762873
5.157808449510936,6.814223386601391,6.934904301058776,4.407575559126848
9.29287042119813,4.810657296898933,3.3546428984083834,1.0
8.572856134216291,4.2564528671210615,2.8056356813056156,1.153789955723369
9.024918074006319,4.2633790208384,3.546288501206563,1.0
9.292472455685322,2.622366305891602,6.4427452913480705,1.0
4.470535768378278,2.927733950880103,4.841962061286754,3.588170795749421
4.746708174560471,9.529014407809122,3.8055164237123438,9.263300220176093
3.7195553517024993,5.376438287854546,5.535046419344814,5.9631517146992685
8.4608136931001,3.0388874188049853,2.5167064511138193,1.0
9.188942910157063,2.2380881785937135,6.268510607526293,1.0
5.844641728824818,1.694485758707887,3.758341902172115,1.7111792008560478
7.3446305710549895,8.59985549817295,4.467262569075888,4.939243914919253
4.081873368325432,1.9102668730110475,0.5948735383569143,6.21355397956848
9.50916710985572,7.937872483267909,5.382678335440284,1.1714226199792641
9.052239873539747,8.516078439711004,4.60321151206536,2.7279268450753547
9.83344223051674,8.953139489433054,2.485061736139427,3.622837699628758
8.675402039582778,1.3397274312180514,4.52899893588383,1.0
9.16991343264327,4.030879347678534,0.31007685469494717,2.0037535606844408
3.1735045332873213,7.896768440025174,6.885257441663879,7.689529102910639
8.155951302285574,2.179441372865572,4.7423032710493,1.0
5.325298275625,4.390478837402722,2.797324223575576,5.163898182669275
9.515711202338279,2.4602249087960546,5.26877944410724,1.0
8.615645972559973,8.482105510202128,6.760017443996798,1.7148970302919784
9.048448198626955,7.939880323578896,3.013188807231276,3.384534255448877
8.675245216020723,8.28139347675371,0.07383440949205977,6.163136435533659
4.867639967161304,2.4898524916965283,1.811168592825588,4.882896017785746
8.511621563948298,4.939060646245121,3.574733683675313,1.2349890616854204
3.7566693848207,4.697727503468801,3.6315843679454467,6.708069683428388
9.105167480342628,7.087266299696796,4.063628068668029,1.8990724152786642
9.010152759364471,3.1377718130223253,4.026647787892983,1.0
4.557036022819651,4.99778838824748,3.120449860534347,6.34547258084036
8.716106239178503,3.564351393070224,2.73793918074252,1.0
6.222122642752595,7.736828662858927,5.406395627237025,4.938438819918113
5.136336071370204,5.0403516673000635,4.1201296957810305,4.984587261149086
8.567418494070033,5.80610034728435,3.503260471338142,1.9116957550067428
4.593168411854393,3.7852110690651064,2.414771713196628,5.826026561789174
3.1656510429101608,8.277614839817076,0.17193857118038525,10.0
4.3519085182939605,5.221140445290274,0.7318455060424318,8.442330280049767
5.297833658383945,8.516020534531368,2.911827999679988,8.417136437788368
9.050470594212005,4.310568624025295,6.732095059759793,1.0
9.768223728338528,9.524171532197107,0.8124853657128227,5.328728995752476
4.9538749490531,9.859958141784196,6.584733107023351,7.334003399647291
7.490372170253394,5.155119805968902,0.991726237820838,4.441440873996463
5.797748690520426,3.535945594333979,2.18323240728279,4.343195361744719
9.868047810387822,4.436851907716394,3.1873284465811396,1.0
6.753510127351053,5.7471380961533445,1.4480712834582015,5.479848425680672
9.57465998227301,9.696413378853526,3.3804819914557194,3.9012013303362063
3.807392262959993,8.35202115623116,3.333137718464145,9.779549806508037
9.792804277155597,8.211333017363929,3.0671615679111897,2.6706881837665954
4.249974713207246,2.245586811430881,4.877342858665663,3.282359792230046
9.737740210330887,3.2500289043010637,2.232366319523903,1.0
4.85826453766078,6.770611325840024,2.101848582273582,8.115277607887576
3.7588178305029776,8.867052505470134,5.671301558430887,8.613149516870914
6.041946309952511,5.990866708819881,0.8055968668915016,6.978439988288841
8.09981542456893,1.9233075857356843,5.9442600563283685,1.0
5.195741199364939,8.613030490600947,4.5357894209439955,7.4804823585820355
7.2434619731430026,8.66049443276301,4.739975330236188,4.918258447273475
6.579961417686347,3.565567126533956,1.1504786499549227,4.151164945035103
5.696368033413091,7.8680514726252175,6.887303294117945,4.637687232121905
7.036116304476197,3.45512169632221,1.7073906258639489,3.125584353581567
4.783057542970074,9.147755880804171,1.2211726297689376,10.0
7.961496986839194,2.3261379039244385,1.120949978507515,1.522448953977258
3.011838947530406,4.937253041754827,3.9189426674290417,7.592335829167045
9.479026158493578,9.517719367105846,6.709238352137648,1.5428772569960305
6.7691639796495435,2.9983420621628256,1.6229888318798724,3.139584691834899
8.036009994013918,5.06015191198638,2.83533205396177,2.4201770989991647
8.193650544876336,4.14626570324784,1.2911624260597556,2.5808182105048405
7.694399531030997,1.2400317172264468,4.483352136620547,1.0
5.549550302468849,1.4793119845396703,3.0249411670049775,2.406530407765634
3.4898166778841713,5.518064032239119,0.20434592039673405,10.0
7.649663794378906,3.1220026647708936,4.298748561603438,1.0
5.311400252298174,9.950728161144621,1.3812710504757244,10.0
5.197409515408518,4.374214060759908,4.145422108522578,4.3606843541519
8.936106956544348,1.2536879097533506,2.7218504624899498,1.0
8.038279841097651,9.377433142749577,4.933149311718141,4.402806186679782
5.102255877478849,8.55258658850445,1.4404913555712535,9.711018268929063
5.164992635460573,6.8496461586476345,5.266278467523442,5.595330837099013
5.858750360334518,8.122425737339583,5.661108520418825,5.504664193177067
5.816802709404072,2.238396289532845,0.4379462602841506,4.503991398142485
5.069586417681629,3.5819145758194137,0.7122643410899967,6.283442920674579
3.8910145934140727,8.467854248375403,6.103855310069196,7.832367169554999
5.943124336410358,7.264647897183853,1.3087188494246538,7.7638659194573965
9.582545695111282,2.249134226363676,2.281894381191729,1.0
7.74122561690913,7.349825577601724,3.2028529554432983,4.348392652980115
9.319638820128079,5.037413265840219,1.8364737681665264,1.5608323908019137
7.308604411659664,1.0472607847505615,6.0384558322011515,1.0
5.106649121958958,1.7130319414364914,3.6940051373944787,2.6566430106223096
6.835560491949888,3.3033153559334023,4.473760099663054,1.3083476246427188
3.0028415778810125,8.514667893541429,4.178795804980955,10.0
5.0083960180824905,5.939238208994519,4.279158947973013,5.745904081915518
6.009217049928842,7.545113067924386,4.109033001956526,5.948706893055331
7.059893468369774,5.749943552980518,2.4354724620572807,4.4232519569005895
7.582939365921502,2.000681742918146,5.9186246186869145,1.0
6.2549173317291,3.5929142023530747,4.3215387553549744,2.343353435059058
6.095118595133652,3.7103607512759798,5.696167779826537,1.6668288409818275
4.495909806923702,1.4297450195696615,4.94191852662186,2.2893612787119846
6.312303301365284,4.778429893780988,2.0821138428954633,4.790500263359625
9.308265780797779,8.145091977754944,4.301391609990437,2.3351805182533165
8.572173320887462,5.114022549728038,0.5932637803611946,3.38932540846464
4.187839773386383,1.997721057610135,0.9376343875549745,5.916425046735966
3.593568757075852,9.146321970957986,0.825031568631597,10.0
6.608164069406515,6.370651385370523,2.1376600177484923,5.6703622125846564
7.43058599036057,1.1479181698530498,1.2813116283203845,1.1047132076254864
5.346317787868607,5.638381571884655,4.854055792015119,4.697284857654814
8.72896425175665,3.17744320978894,3.575774086410126,1.0
8.257966962785126,2.2921915622163405,2.92767374347881,1.0
7.709569693900169,4.863150037930003,0.9650710897419024,3.963486634844468
4.572484661981018,6.533286244983556,2.685969739863809,7.859468583704958
4.393909529086036,3.1650781492588917,1.3002758950493596,6.349177957969319
3.170977714087784,4.749108356876858,4.448511494410447,6.880155382508834
4.713897808548451,6.979341715678082,4.854030485705487,6.528974662290484
6.3259544095316365,1.7705255948853558,4.516820665559653,1.0
8.948163862373123,9.771890418569996,6.999296867941644,2.180207892449099
3.509797604291984,1.6091139061796143,3.884388030827482,4.356462378214074
5.901087076984036,5.7345350078995345,3.427494183345462,5.107077585596962
7.4083576651639955,5.56594926921808,0.9820757456845793,4.875277195198464
4.361046657177965,9.894983370368207,2.20206010262591,10.0
7.874479753433534,5.987367571763759,3.157006795226558,3.1306135966321755
6.460640183073059,4.514083593040577,0.37527883841585774,5.59580346785369
4.707891077049072,5.231215703426374,2.513274205199582,6.776211326642506
7.592406077782488,6.721037123217671,0.06708407694296858,6.218983551375074
3.0388137269662225,9.829354802964042,0.9557430026374713,10.0
8.25675133632931,3.2828523496229147,5.706511584577033,1.0
8.390323320018176,1.1461800799805286,6.746803625904579,1.0
3.7461110759447727,8.096680146515638,3.5380661381146927,9.505364529398499
5.976023357599139,4.103222438470522,3.4647889350648255,3.6859976671120727
4.231206771945722,7.596469193055775,4.792876693919905,7.644713542365821
9.705762295956777,6.654312662280908,2.9094130469187833,1.6399462418334458
6.625704253106186,7.943512366988732,5.879242614708559,4.288494959567572
3.3515286959844865,7.6166828633108015,3.4208965835777994,9.676884246962798
4.744387957619802,3.992667475347864,0.5786943805052682,7.095782364780842
8.938354431461619,1.3990211946568736,0.21602493950103363,1.0
6.195232778291208,5.914123706869224,5.327396329817969,3.567842200673352
8.60991621205585,8.321579790004794,2.0446293669109465,4.894123820699152
7.673044128104472,2.575802143465376,1.9239704279147378,1.5062094615066177
9.915247171465136,8.012283341304535,3.763260327433736,1.8772478380818498
7.168166229285938,5.18160609772334,1.1774628420560158,4.719261413596336
9.650277259102092,7.258503267964575,3.2012497109141433,1.9855951058092498
9.239981480673059,6.6856226298250405,5.1976277635085095,1.0
7.28856625933234,8.303479136628457,5.361436884605835,4.143497978879875
8.03491772893177,1.5679048332900216,3.8480832917663594,1.0
6.533447153770814,7.985713597330796,0.7924769670441622,7.993700416408747
8.813984188049904,5.1191161970261785,0.7994465595127815,2.9588993403021107
6.835103654275798,3.6409831405752815,5.425791195047968,1.0
9.280456722632834,1.3942564809321079,5.762979655982966,1.0
8.205588095117093,2.795228503436695,2.5680324047379464,1.0
6.322721057761373,1.377153477373438,5.758276494573829,1.0
4.814340839255135,9.400338819553575,0.29127365589163323,10.0
4.730678162567617,5.638452303290489,5.032861687910303,5.3109448660140375
7.463630057433094,9.90210432066511,3.824472923053752,6.28819634147475
8.360695790080158,5.887276278887673,6.9284300951367825,1.0
6.649098689795874,3.2798238868235563,0.7169150721424881,4.143100131204055
7.387239058872469,7.779618269369784,5.810495015797778,3.291661233790422
4.922182128422768,2.719930876605198,5.259418463205705,2.5877332229328442
3.542383477053151,4.212767584318271,2.0839625457202553,7.660580112986659
5.000097056042067,8.027574102805826,6.995188684952354,5.525310735527532
4.9020057495752924,8.792184493702518,3.148126399812896,8.947652215602636
5.237966978931336,3.987322177432101,2.440038837756197,5.19627018079874
6.781065557629194,2.1202750741994505,5.71710009581507,1.0
3.9686184306130903,4.312172568832057,3.0734893236833307,6.535953411751607
4.618830358097307,9.005378653110533,6.95770379023032,6.791313839610435
7.857648686093366,7.689769349676591,5.429421549165415,2.922041972013443
7.944933991861865,9.051737454595479,1.6586223875667687,6.546433502145407
3.4496019549971466,4.479802914346229,5.6749190178758715,5.471876672967299
5.853195587666107,9.763512258837782,4.115467278837674,7.906148006684527
6.798277983527408,5.465829038833204,2.4544158877979276,4.496638529375125
5.910419638722091,5.477710532442646,4.975277716456596,3.80697045796799
4.447840726600871,9.318794199642673,4.429394416489969,9.017050396250115
5.94100462441398,5.673482681814478,1.1618713238318144,6.5962706694725375
9.333869348381238,8.210332786615965,0.9746447614874326,4.685371678194083
7.088555899429576,7.543731919083721,1.4463375933074136,6.516282140636298
7.868660905485776,1.7103430544992109,1.448599045262362,1.0
8.99712422612754,6.422079689472045,0.41550483547538775,4.0502612953918185
8.359162032826486,8.40107151585898,2.4557083526698165,4.97086692642653
5.6626672024939815,5.909269576101733,1.967595131531386,6.5548984258166385
3.0412725850879516,3.890902853931346,3.7713798223334662,6.823229305406108
5.462311618702772,1.7206201996749573,2.2655753109827717,3.2358194996086986
8.274325875415702,6.94827299312323,4.928376332286319,2.1795639113993186
8.974135653983733,3.7584627048167722,2.0253327042546054,1.0
9.674012369290743,6.423594649575398,1.8714014639465608,2.220079851748835
5.933148978408753,4.835044655947408,6.006117914623803,2.543974410430762
8.232609682846356,7.207883276009376,6.898418115832559,1.0582823203090852
6.822926168136874,4.163922853947929,4.75509521146317,1.8150602333698749
7.22276812258869,1.3811964656511657,0.6665761467003993,1.9710321227242251
4.543770860266733,8.830334575507528,6.739403964956543,6.894159852616363
4.535951442350053,4.173033792776341,5.4998373380390815,4.045399166773652
6.050851832326456,9.983355379957441,6.431380982808777,6.223695417208061
3.203173739627007,3.470998240673718,6.947403579512721,4.069807599327661
5.3529068058886775,9.820245512748512,6.069333133036449,7.184175050006882
7.753993195198448,9.531139407427776,0.8882171802966717,7.698367665496412
5.83021668396346,1.6753704848934334,6.062551564938097,1.0
4.155313118424562,6.7376128409496845,1.7477406935669784,9.180296045153389
6.271731044626171,4.26980017585884,4.979763941874183,2.403928127823739
3.893394580968125,8.209863780059528,5.799372618890428,7.836256693662573
7.355798726818453,7.114695470332209,5.330315112358998,3.133577325432326
3.188765163335964,9.57510456651647,4.733641875899622,10.0
5.7581417943779325,2.2850152152629475,3.4262110814094644,2.5198942619702143
6.950743881173419,6.468156129887698,4.0419787051291305,4.004247152911667
3.1897143243821873,8.031807727691199,1.8810200646124016,10.0
7.499247536065351,1.3131906921868781,2.8995756255552636,1.0
3.94989641061395,1.6051002675589792,3.1639420578525503,4.3294450808136595
6.231889108360582,8.006638361561787,4.435394343452084,5.8222677188002745
3.351992434420393,4.296956257964337,6.160875569151265,5.102561186661112
5.653727049316977,4.445689615198999,0.6516634882983218,6.315914791170002
4.48162198948037,6.1052017755170755,3.6092943046138934,6.979709019807491
5.28792063416916,6.445853459693069,1.947579814962486,7.447872136277725
8.328607955258189,7.1115585122205545,6.554352798620027,1.106870304432599
5.6538835089489545,9.539411763390008,2.583498218527954,9.038420447003695
8.264068764883493,4.348120406236154,6.651778552057678,1.0
8.823469996086908,7.867760246187216,2.291024961126512,4.102326728856925
4.765900722476664,6.165296005005061,0.017311595993893203,9.201037819836326
3.573343629331498,5.765138933826607,5.418947033063853,6.530835868718791
3.1356830093500747,4.5823064135720495,5.129068185776409,6.312677789594065
6.7759333354577365,6.846046630354284,5.116523562409371,3.7641508080475856
9.999354799564465,3.2465048778405814,3.2091447967580238,1.0
5.449722406041287,2.0210375132651626,4.649006745822898,1.8228584012865574
7.551008652749125,7.621073735314849,2.5075591053869104,5.280357231182092
8.468631347276265,5.491395642308201,0.4433148024212227,3.9204385354201876
7.562282586707226,4.482886420353371,3.740971250712954,1.8928901567349583
8.279632428416683,6.055054396836824,1.5248095451064412,3.8411179217949316
9.647282129011922,3.355990089287462,3.007501704796653,1.0
4.39552477653773,3.34260794025913,1.4829602648541675,6.361384434964111
3.1426601212423266,5.0164580116505455,1.879757868200958,8.926143756088972
4.066676420493533,9.967286009392847,5.798405319341656,9.03493337938288
3.8835468241194437,3.570191899283422,2.3642860861955115,6.5408970701465465
7.686211912339375,9.248310185876932,4.0455354818266605,5.343319016615634
6.947787073510134,5.420801757288017,3.9629947764199818,3.2252005741242664
4.525751786345525,2.103736797135738,3.3973653280595357,3.8739315644522856
7.896254798723056,8.675436613458904,2.4061773438683343,5.780519391591624
8.368286688493686,5.068384167208576,4.7778634826524415,1.0
4.174524003574616,9.088111277076074,0.33886482806206064,10.0
7.250732457236522,5.006000734682095,0.697023193413441,4.816005403672442
8.235479563687,1.7901166699425795,5.487228332883978,1.0
3.801730099652284,7.1373633422557345,3.217072338714968,8.89586391712137
8.735108220177596,8.609690970772295,0.8696602546127892,5.7968607341757705
9.753045411238613,3.876289948899731,6.003561199500297,1.0
3.756691247603246,4.126827652647081,3.089001642134986,6.631131475499279
3.1797489784822623,1.5844517048446405,0.004731520584729476,7.448550525287686
5.183700710762866,5.879542251030061,6.7062223851278056,3.7888372783191455
7.741431007952862,9.021985141185,1.4162274447817982,6.936511692057307
9.707209867441271,8.662258456778133,4.820143173380572,1.9070547031265805
5.776581090616391,7.4062819360649135,0.9233916116880947,8.346754111930597
8.00510293534628,9.3459201105086,4.549980395384569,4.685626289222147
3.5319753449014195,6.739300203076146,1.1128422403407356,10.0
7.834300911530862,8.143267454605024,6.52907893908147,2.543097612489957
7.390696769207311,5.578801706568707,1.9181362066669752,4.25150989753931
3.7133091381218355,2.092262095706112,4.582115750931559,4.010357685166596
8.407366194658568,2.808823340599172,1.752724949843762,1.0
8.952052673621573,2.2498918483452917,2.60290637352736,1.0
7.202881303717909,8.113357547269743,6.326601881849605,3.418607156059581
3.8473854554712057,1.2365562412743913,1.1586755541154066,5.561309558573282
9.8869104606027,5.986192935336356,2.7743909685256325,1.0
8.478447424527136,4.320200489510986,2.1385647139096147,1.7850281824394951
5.430426357159143,8.232955536597277,4.896089600672015,6.642590080216439
5.998646092643211,5.964822405337848,1.6390068903909363,6.426177789824769
5.593996133526393,6.507535263584688,4.588396598684745,5.281355231556759
6.541725527739546,1.7759393348673944,4.92588627834831,1.0
5.388618224028982,3.7836164577561595,0.007604125842065823,6.555228409280704
8.947029388997041,9.996355395409482,3.3376469578263985,4.924296179052657
8.756316426630406,7.4698269390164755,0.9288985442799063,4.81805285826076
3.73877209450799,5.731260893472701,1.5833360302158423,8.990146980217485
9.72551297050205,7.922480953372282,4.759879075851053,1.3354538449996278
7.449095742710122,8.410054595575517,0.06500863325922113,7.743622741926813
8.800951177017208,1.6637564162011511,4.869179751016341,1.0
7.951160505942538,9.751417583623892,5.719763188393089,4.255907227892907
6.048410015053739,6.781047304477432,6.917084366249904,3.324786769142527
8.136567128093743,5.049770460966965,2.956197536425419,2.2065975395632873
9.758316118666544,7.1209809158462285,0.9252260576479259,3.339147149923582
4.890576774711806,4.100633026324298,0.4957981378035847,7.064755594942762
8.657394531647292,8.901641364853706,2.6814894797304087,4.855397018094929
6.767210345137791,8.022366359544776,5.115343672347797,4.716500102827014
6.384482527182373,6.758145364299967,0.7169901931465467,7.243244123618545
6.04902145102726,2.637668228969236,2.193460342086343,3.3158866024822364
8.117183500135855,9.696381525406961,6.166922964861894,3.6996389447592195
4.878768766344577,4.893564578337774,0.9599050632048194,7.388395598813354
8.961992120135323,9.196410438521987,5.414223385554369,2.812781436767145
8.815117132234224,1.4987156501599936,5.272104606937476,1.0
3.606640286389721,2.1174500857511096,0.9320236183034851,6.713575192120783
9.171418288019403,2.3771392012918056,6.950581086724695,1.0
4.707044074336692,2.481913719011117,0.999971467844257,5.6370980585138835
6.252959266222622,3.9039467603910003,3.713557935826767,3.0201157337669176
7.2723219296136445,7.383989192763213,0.059323193671066976,7.138878803104451
5.652925128897849,4.114207741076857,4.550141492104649,3.322756993710814
3.200899984390627,9.468136494383813,3.080695945458963,10.0
8.956669854187215,9.05433325139012,5.057024184550256,2.9555458469022597
4.272879000103843,8.613403355402792,4.396560268386318,8.6856756963272
4.484838951258173,3.255447780837992,1.059618915909967,6.48081824202361
8.584826497796676,6.715513822489713,2.8819692605177467,3.053240778273336
5.382371902149986,5.957572739348257,4.805963189130179,4.9430376765074975
9.162239858307577,2.1265326561421243,6.01973767221505,1.0
7.908286252325411,3.7254214549798848,0.6068162342619197,3.065622297210072
4.933880030293294,5.801302267915425,0.7032557873434715,8.228106726839956
3.0710578010707397,5.523158302671364,5.267119525835667,7.046273612767237
9.636438044439219,2.5177231157293614,4.127017424330592,1.0
3.599290733706149,9.474462890817362,2.688223365401845,10.0
8.040522648729361,2.3877484019160686,6.7427409738728485,1.0
6.420044927941511,6.928595860453789,2.2015256772751854,6.297754800740589
8.307152574377266,7.485694915935457,0.9788113216646359,5.334804918330401
7.8342653761256615,6.446250170756699,1.9387735986139176,4.398740166224823
7.521320298186666,8.5827700370205,0.5897410119859067,7.427812963402268
6.435749345550104,6.072562309881662,3.8737764224931106,4.423507137500028
8.550530076926222,8.427126405939688,4.20005507058097,3.541026483033605
3.6513734538827016,1.2553613910898984,4.253151692408663,3.645434783526613
4.5511748033077115,1.4091562296220776,5.45278756759282,1.8489639224134344
7.842510087066413,6.773083604419241,4.833332525102577,2.6241220114838937
5.143442210910619,6.190941083296412,5.935244731079713,4.625950901788587
7.07088909732657,6.860169797370399,4.608837590596007,3.7768826076872313
6.312823421316674,7.9026310082468,2.11154533504039,7.26863496648916
6.716453518020375,4.7492810529692155,3.6242438945806623,3.2027098945444608
5.978526688936503,6.750920729879834,3.566657962802988,5.729843983217973
8.221548056995267,5.482342541225044,5.234905486868747,1.0
5.3155390803715115,6.644476092682759,2.0687943586944666,7.488777926614269
7.919984595300383,3.607044911214452,0.3819839171067707,3.1142656726363627
4.896414988833374,9.609851529589644,6.285387922498927,7.412411691322418
4.759825733406591,5.346503363578775,6.68270057943007,3.887521405174062
3.8445911932661407,8.242193387941597,3.464214039602868,9.555295450711903
4.348090054160622,7.16491757076109,0.7892056382266597,9.961782044857465
3.83688318878537,3.676904842867681,3.497077788908603,5.88930959551568
6.751047757686249,1.656757229548112,4.157508376964062,1.0
8.33532726638872,1.539217296412021,3.6980055065532897,1.0
4.296048897063634,4.956449499283699,6.84387863490335,4.019185878518256
4.51469247915024,5.358260170966233,6.908177729902323,4.033252750861074
6.389390110488961,2.8362071220705882,6.537470811719511,1.0
8.072095007651361,6.459942365385727,0.9238801651289142,4.834723767536707
9.836249160181397,3.8132424932223974,6.025698027557232,1.0
6.6724580837602545,7.465265966011938,3.9786627214107266,5.180199167309738
4.980990922924685,7.6077977932409215,2.557887239936691,8.31852805912743
3.7036827566355353,8.746996291788928,4.7805943430169835,9.206761685356613
4.358823046637514,9.778367151233923,5.3390815652691,8.854748969333752
4.592382144377883,2.1768953639714783,6.681170887586205,1.5538380966133802
4.2560908057978235,4.334861782452622,5.392569344572297,4.585781917804103
3.099038570792447,6.054860941735322,0.11682581239599343,10.0
6.738945624873643,3.872042977628415,0.4727279849093703,4.679990042817802
4.920179287482871,5.198253103365728,1.8352969401344694,6.969679479619009
9.820064517719166,3.4072450700876415,0.27878803356032833,1.0
6.873512767590258,3.2312699427299103,0.42328201711743985,4.040503221093411
7.881921750371361,1.8713048730451431,5.52502999295164,1.0
3.883956450708862,3.6119080447291134,3.5462742299244887,5.7463867339855135
9.079228380840608,4.4573485015144545,4.399994872424032,1.0
6.436150861666452,6.538396997475718,3.507342758549526,5.052196632996165
9.109038144989743,3.234432523430679,2.9080239606278133,1.0
7.018449537384326,8.78776751548646,4.912674470364614,5.169202438272747
6.285778614513571,2.437296959171449,0.5769946834725211,4.003006951490109
6.083281586952072,3.9469223872107544,3.7559537124901077,3.2284324066830425
4.290545692730572,6.199183341042368,4.312329389667236,6.7920612687901425
3.359637020285045,3.8144342877604576,1.9422741501419205,7.660391100766967
9.587445177376722,7.868092376247657,2.1693481993164934,3.270995948624515
6.344104310859814,5.484389878539179,3.57913288806732,4.269193708152444
8.754809517096014,5.63252355308336,1.4223824577047948,3.0045797015581157
5.8049520957635785,5.488837375578887,5.656420566794573,3.465632988790616
3.5185751917894788,3.7768643384898635,3.7547312102262085,6.170889393486172
7.406119948663989,1.2085866839471593,2.7351205207784477,1.0
3.375263520047732,9.507095236623135,4.440059731472797,10.0
4.044383091315586,5.5490001672139435,5.841685284293269,5.496760725187163
6.939877179591949,9.70017967497228,4.767389792964472,6.095118269392354
5.126848582895594,2.93629980273617,0.4628055853485049,5.872857632970271
9.957426858971541,4.176055799707198,4.890731171238439,1.0
3.829160935480231,1.454863641651027,5.10970864202079,2.9921017413299924
8.35110411728336,5.454047831726587,5.925276805985433,1.0
7.24422355870074,8.941055287313809,0.405341608161913,8.17603683369682
8.535185808903936,6.888340332006554,0.6034895887404252,4.8460065828022225
4.579809959455242,5.235281680313761,3.0413851202421336,6.563483808735224
6.658007745911525,5.830216743600343,3.1736028960799985,4.4530420725304465
6.15360125422128,8.62455128854121,4.261826830992105,6.532040744072962
6.099047028135298,4.878349924127864,2.1650304471146833,5.068302192559656
9.02116666078326,8.942101578267335,5.19185456340288,2.693983075291941
9.930218823267586,7.547572570234527,5.184607261639247,1.0
5.137661710235523,7.874710877457906,0.8361010483552122,9.549303915835049
7.34719124750504,4.293436172658067,4.955304249826688,1.1494064662417247
7.267416385715912,4.6052345891328095,4.910497278567062,1.5259399134502094
8.180625138391814,6.1325347949292635,1.1468284165478528,4.286497778289737
9.633131402277646,2.751897716989472,6.6711134122828835,1.0
4.454515340764859,5.979006339590365,3.661037539098858,6.875060385385261
4.477176367137751,1.6617857476855764,5.480909710806221,2.120180160018806
7.622996960344256,5.538299762108842,5.045358626654213,1.7512924186160181
4.09939965366614,7.879637032365157,1.1687406793466657,10.0
4.216694838285042,3.517486098615838,0.8885142523678738,7.131995096293109
3.5254540823081753,9.901816305586504,5.467867859558913,9.863400644008154
3.0187300582202,7.1235877610697464,1.8813514048647195,10.0
6.153525932323917,2.0692991775123057,6.204903318184591,1.0
7.156678365836942,9.775745338724057,5.400012033427372,5.452573808575757
5.038815023217193,4.545133414557464,0.20549375820962446,7.4456830730386026
4.620333641892181,8.154075055428512,5.649754926601588,7.024031225451083
7.9486908091532325,4.051767699573087,1.9038641651494763,2.370280273069959
7.92091290665602,9.450537102598378,0.44710392386203646,7.7423614473880535
6.178219284849303,7.794686550635145,4.986262737403468,5.331502182506526
7.811694440498699,2.7915209339720497,4.036561722999288,1.0
9.467377311377842,5.582102646026639,0.5394902190046974,2.7271861898646144
8.51479618652712,5.500701132135795,3.1863844437559923,1.9523363712468993
7.375406050149553,1.4077301722036726,2.520867268652273,1.0
7.628281299973574,2.2333273621076835,3.497270040329683,1.0
9.535679209118593,3.997366348174905,3.968202897669149,1.0
5.975972762729482,5.26369735355671,2.573814444997682,5.238120456071613
6.811936650974051,5.112897033545866,1.7858125672735468,4.665924848576349
7.533443063817365,6.4563447016342375,0.7203344051530872,5.620710001119392
9.358880116488242,5.639551589325285,4.0173861363443955,1.0
8.786418117550419,3.951692628728736,5.059448613281066,1.0
3.499868857990699,6.5176130895821025,1.5988309620727574,9.895066168625913
4.161459524545073,2.4625184128924547,3.561774194374528,4.4830213647977075
5.153282688299628,9.91554163805026,0.3082653508396668,10.0
8.242704054487362,7.653874245162437,6.0404994643182786,2.0035049057223207
6.984449345233647,3.6931090827548645,1.7118601524969241,3.374845945175669
5.020274118140892,4.027361069365105,3.302352127044167,4.885913424792097
3.8704756072229576,8.454604473616383,2.6808563205717935,10.0
7.820745938484656,5.791058468882888,1.0505926776880505,4.512536774543089
7.898135794830021,7.378658257918941,6.518120540100298,1.8624792744689191
9.598733685208286,3.6981150826367237,6.002396384235807,1.0
6.50330523982548,8.341739499194418,3.8700535194710515,6.160387847935224
6.45656653541559,4.315220288791926,6.397633686647904,1.2259528078813018
3.563092963295107,7.064257532257149,5.184660796746038,7.746431912129365
3.2790254892852913,9.819082280612456,2.9355851305395895,10.0
6.024200649125408,6.253319276639077,2.2526141013044287,6.196784771447673
5.2562510835081,8.170793325371324,2.9137961895092075,8.189476027430896
4.752575316884027,7.527917912966698,5.04201544999738,6.78983313511436
3.6392882064168965,7.1923928608249454,1.8988057060687167,10.0
9.733377715349857,1.2398243946744987,0.5452094897683838,1.0
8.851710297343269,5.271311926765545,2.6096571671650293,1.7682371675849935
7.026393764539513,9.703636265548457,3.514286597917079,6.871235876449396
9.655503944644467,8.046135922882794,6.3135870648078996,1.0
9.997006918142159,7.985458226548649,1.2554104519061395,3.5131709631340327
7.705971090122675,6.198709562777646,5.630366136211297,1.770546046727
4.886577181769377,7.49260101066676,6.869897047590465,5.321260257096831
3.2816217120123135,6.251709493428759,6.678555852222994,6.388432443772136
8.2938818128879,2.534608555719934,0.4824850644092157,1.7372891240240167
6.293505762761435,6.661227170308273,3.2556592454182027,5.497813349140155
7.5605664260358045,6.577622249509805,1.976148094346317,4.806114422322456
9.412509515487372,8.570504124624378,5.913925529829296,1.42164401023415
4.270424030561881,2.3299813747029865,2.2911064520828326,5.135701746630149
7.097307376944981,7.12654205545611,3.8716397672684733,4.47431695494298
7.443493036178608,1.2841346200788943,0.055784214902188656,2.0560671022172543
6.442080615337094,9.533846537058713,1.4046980741706907,8.913291839322975
3.63869684405679,1.9890596920032717,3.9466471857693084,4.462158510695954
5.435727394062553,1.170436307559513,2.1273651508765807,2.924320567558941
5.333158755655644,3.823232351012697,4.359022667244732,3.607479506952073
7.690934566648298,2.362881323074109,3.247486834063495,1.0
9.004131660802468,7.214502348266729,4.141836544893713,2.067358304224823
5.308625645052758,4.6933966839043455,3.453524730984194,4.966899261371231
7.855715717884028,7.974750716263819,5.4082928406536706,3.167136723092654
5.01752456753019,9.284688549074897,1.3679569671097644,10.0
9.616354776942474,8.855359380210883,6.303103080584963,1.1324896154282644
8.694962243165808,7.622535441418132,5.323375542251876,1.937710781759225
6.85067626280248,1.5605315741298875,1.71588812063608,1.8264920594956775
6.183781360212106,2.2427423720668918,0.044645179262628454,4.342404639915146
5.2016201001911755,2.866075344741202,2.870252766962139,4.041739218690054
5.2629165039319625,3.925445809834493,1.6309841930182007,5.683167908036499
9.79129308766004,6.960041197429142,2.424965884175843,2.1210051338281746
5.829225399005219,5.729294362600318,5.877018048273217,3.4744523774827396
6.602173766303736,3.823773388640354,6.140390299761025,1.0
9.916834503472279,2.5586418147159495,6.656931835004103,1.0
7.603622705381903,9.209117448316093,0.010234283749044226,8.235782713570261
6.7981551605003645,4.080943159136615,4.601126951231985,1.8861794688464673
5.89273299559525,4.188582897803315,5.9430419144524524,2.1194573834116346
4.31307778976169,7.947908057338667,5.090505273286808,7.6192794068561405
5.532455514061727,7.488321051945634,0.7276431354609175,8.842360029859792
8.295102078389016,6.789781899995154,3.7087014234200875,2.8816120295352428
7.377861195015063,7.239819790268388,1.6671731616460597,5.771401185044394
8.319933752427119,6.490689220708764,3.4442021379492833,2.797689377089972
4.424907668451917,2.7303775222304205,0.41926552957232743,6.580926944941407
6.844537473597322,3.218672219746243,6.97871489075284,1.0
9.493709325911134,6.022779857266637,4.98156732290072,1.0
6.066812665506648,3.0238033419353503,0.6511864685066175,4.683036946985671
7.887750203855206,9.75619564831512,6.448920820804744,3.825411699462528
3.8499825835383388,3.678531087492171,6.281012303520214,3.9261371572835824
9.81202771075186,3.6010372366317243,3.638314529444259,1.0
7.262101669573754,2.8655001536917624,4.905928367890757,1.0
4.6750822362935525,7.344894337661771,2.6074438185185653,8.440606113614159
4.108647146636627,3.8533667051660325,6.8218835311777575,3.3769983163444453
6.85587304901869,4.1392285678117595,0.5943169226154267,4.66831334959618
6.865759863376131,9.403303372937206,0.6690390373616989,8.815403536145219
3.652464408970658,8.158648204021002,0.9345969517566988,10.0
9.945799975766537,3.4611178307988073,5.739740243259512,1.0
9.390509149389175,2.0968669515944356,0.5238133903091424,1.0
6.230135259251484,7.089600212042911,3.974745098024458,5.413196289915428
3.822263043626903,4.417247668369442,3.044880149044897,6.815666378011843
8.825002216382309,9.82144483589226,6.749527923129186,2.5424836628646075
6.488628532950367,8.36539714117506,1.6574021431932755,7.745781973164316
8.016223281942537,9.591479770523152,1.8269365724652702,6.77486027736179
6.562104105486583,8.241542505609132,2.205062407868308,7.175165392395593
4.913974276992919,3.61407386793642,5.605717753996466,3.070487534160108
8.84306761903686,3.588673074527259,4.9050792442507944,1.0
9.861712428223628,7.427271587485558,5.147470081476577,1.0
4.706116342525968,4.117271626860548,2.2264040348627043,6.087994866053384
6.858855538163287,4.981385006783519,1.9036911028271808,4.421897587651845
5.68510209273005,3.3079957792613386,0.522812050617358,5.458305676700861
9.453077049520932,5.311713367148348,1.4189883839546358,1.9123863655253164
6.5576862411502574,2.818612064805368,5.45955887728204,1.0
9.155283786025333,5.847201313377875,4.092956250628903,1.0
9.048188541000117,9.397215404049769,1.0878738592535568,5.898434372562185
4.9337318197542865,7.265541705821404,1.1506248648983775,9.086517775523117
8.530043274021795,2.2354565932083066,3.2623857870566324,1.0
5.904596964859416,6.541093309730431,2.8455878633644964,6.155446785597899
9.539738755777641,6.281474487137336,3.7514718436301653,1.0
6.554163730667595,3.182122345692581,6.752443055751601,1.0
8.743846312299048,7.028505684037936,1.453453579272475,4.1127714669807585
4.9798728829797865,5.779373407595193,2.158154027487532,7.136943447259139
5.08989094840237,6.741501160677739,1.8550554884029573,7.986792948577277
7.1085640568991275,1.4724199615551652,0.8393948944877551,2.06008267482375
9.992316332605371,4.719712294434327,1.1033076394586134,1.0126748887999864
6.427482426589907,7.4562225062521925,4.802383900653607,4.890330362636342
4.040167928679524,1.904904142996131,5.7847068155775485,2.6264270290771927
6.770064043927116,7.936894522884512,4.878145882659535,4.810736647733396
5.415867591851052,1.0466330176641703,0.28230865676064365,4.140649244177624
6.863421919495677,5.95317309201655,5.851473256915904,2.430400890377297
6.804010440710711,9.3618971215298,2.2945556121935438,7.718516239835507
6.187412318065507,4.662167063921951,0.6384903265394403,5.8578956408813445
5.2524414516032625,9.415288887365364,1.7375315262287856,10.0
4.320566615949738,8.905596593628054,2.4901992885299857,10.0
7.882488993343999,5.297036683968068,3.5942177276511065,2.2626901458058803
7.002583493894308,2.795103772008415,4.740283638923502,1.0
4.634937122405252,9.675226350018422,1.8211675490485673,10.0
8.428811325694813,3.8905093190725,6.93473634285535,1.0
3.3055310936811133,6.813081261012429,0.21757465351131688,10.0
8.212936060956372,9.171432628620602,2.830745585130223,5.500100920157681
7.9365951671750175,1.805146484603647,3.165408185807439,1.0
8.679862317954138,6.1672001785783594,5.236549130460965,1.0
5.702551267436876,5.816370492042442,1.7489683975508576,6.585756994424103
7.6458218063917425,7.50805910418181,3.2343027421336723,4.567449196181787
8.745232861966885,9.430024417755634,5.627277274106951,3.1106460079693803
9.865726970618496,9.219067531028672,0.9785512749118566,4.851395767642443
6.467300547314965,2.5755829793286678,0.08369846218589094,4.241116803154853
3.259137279419033,8.9402047584835,5.812606323262452,9.172374645200243
6.516038050930761,2.582098367849763,6.877970662385351,1.0
7.13126300516697,9.276713306658406,0.9150066628078457,8.22335037516087
9.087902193535509,9.974546227796589,5.76571390631849,3.0381546155717167
9.11933261838016,4.572951168504697,2.6056782067119837,1.0
6.08214346839474,5.45845507589582,4.4120828402267716,3.979733910484229
6.68165760765293,9.429478702999866,4.512795109959512,6.366637256244719
6.198496521319695,9.659182420750081,4.076266609898442,7.4357634840875235
8.0571067929945,9.334357281067987,1.811744566425681,6.530736476763014
5.869850338224551,8.89068851126131,5.6892296412953005,6.086269654232876
7.583469284994137,1.083404516320898,0.1526012791702891,1.659739575644553
4.080528531400842,6.1116568179804585,0.45130425232836835,9.6767782400735
6.286434206893124,1.9657062169618418,6.31747257353297,1.0
9.78442541401952,9.846944995339058,3.104019266851922,3.963432012651478
5.3699286383600215,3.561054871150416,0.9015408429790316,5.773850940802985
7.848932190108174,9.90189523079851,6.335545792661071,4.067915501646253
7.548856568054908,5.8897043520127745,5.805493240521925,1.589290331578984
8.96235704645484,5.445211783076372,2.320849238765937,1.9767465035791332
8.966389355961251,9.447044515667852,0.2988742336330157,6.588756421837669
9.015395289177867,8.659537647201969,3.2269644540135847,3.850280652938626
5.660065782658585,5.2121869210566105,1.175924461103395,6.554523474882609
5.216628077533798,2.735302584464288,4.0171893986470595,3.116255795477931
8.031021976560881,2.01382084918139,5.751797810725987,1.0
8.315812665340545,2.4624483628576477,2.7649908175534357,1.0
9.106681121789755,5.130230239291251,0.20637605100204037,3.0317036095838663
3.251293698863806,3.315383922065672,4.78249041726178,5.403011406932725
3.47894523027086,2.6757916221526097,1.2096504828155243,7.119143683426188
7.4181271179824835,7.629561059430313,1.5030127417901866,6.149787386712141
9.446503691462077,8.1169089798273,1.3100577959781317,4.240682296922658
9.981981460693508,6.110031001788454,1.9589818799650667,1.5383597326230076
8.227364567165488,7.815544752318051,6.183966592255382,2.0508217066770884
6.03780030346188,2.5794542245461827,0.2425461061205414,4.648420741198311
3.689101884682386,8.70531853846112,4.33423584192127,9.503367479805144
7.436234801465539,9.073384856055776,1.720493454716718,7.130880704784273
9.108054628249635,8.442908427486786,2.0657361409980153,4.378645889391258
6.10574986163194,5.637525930638163,2.8839454440731553,5.164359099700993
7.858008139552641,1.7806399286352033,3.8548206564278638,1.0
9.323968434353402,7.0233026806895875,0.4268534825298994,4.131082585556659
3.321936780740489,2.6630308094260595,1.9584319120727995,6.7731981722013
8.573004256135484,2.2655068807086858,0.9606521199244535,1.0
5.053574431756461,3.912415030765745,1.3962046466661064,6.088299453838568
5.6238876284272035,3.232423753004305,6.192567613574755,1.5024765187884714
4.0189885698957895,3.3470674935889946,3.680698407769458,5.278378825557629
6.718164227041321,3.119691275213805,4.415280721773288,1.343259442480158
6.961496433411558,7.783809866033113,5.615176579397892,3.9426285671540975
8.547636317166672,9.586313403894213,5.563923710113092,3.517140545436201
4.189885543476682,3.7175125572245324,6.925825310330738,3.0980696763760927
3.5527784546199626,7.505942755608977,5.473410367917975,7.910032801400645
9.095877190513985,1.102921607747512,2.5137847688629553,1.0
7.3379725797619075,6.883150303631789,3.8116246422383613,4.032815897624291
4.685808542994192,7.23491731380465,3.3927563980835584,7.7900341207922
9.389803112164884,1.5591189862048251,6.388739116188569,1.0
4.001824040899567,2.064023630235753,3.516752788806192,4.387303102944788
6.228049393484983,3.7612570780325782,2.7186689219851026,3.632278144854512
4.777841375894796,4.648749516715576,1.2587111158850846,7.104492181179147
4.787286957114079,5.522684241145506,2.232142971305657,7.110902964465552
3.0657820201840975,9.056065328346287,1.5331413165116619,10.0
8.632431538826024,7.332013315920304,6.270353471300196,1.117445376234878
9.30846596519218,3.798801535461943,5.449767969299321,1.0
7.743276199893556,2.056741712602987,0.41013861194682966,2.0663649018473427
4.105829354502509,9.245173472655718,6.940719264013996,7.610640067911769
6.092108485226701,3.655338401406221,3.7060260437580212,3.019522308222321
5.418959371101572,6.531629033294641,5.36789517915191,4.965025355907491
7.11300193588495,2.972157408418095,6.9972402276794226,1.0
7.472570916520085,2.202119039771237,6.817859032134515,1.0
5.970162569226284,2.378670082202613,0.700940361134703,4.248082729896257
4.750687570853909,7.729613534357709,4.59805094963364,7.264230077717929
8.917127475998191,6.451650532801624,1.8656890074597814,3.154785149821625
4.394518993762246,4.7426105388810225,5.713996131261143,4.5208683467073225
5.692852742771418,5.943110579365283,6.420816377993084,3.4284937075713664
6.382456427414512,5.237452691913804,0.39136059096714826,6.257062026956625
4.660439913493022,5.837659189238808,6.9747443395452,4.19527841751778
7.003458846455172,6.976849954056974,1.5358811023074739,6.102212575884143
7.023683511250516,2.9657046039159334,5.925535633255932,1.0
9.948844305388283,3.2271888637771995,5.581734811655862,1.0
5.066615277182885,7.792655947523788,2.483632441956119,8.415643716030285
9.845611392038037,8.8582155263896,5.874555766141365,1.15964971436708
7.607608711500765,1.7368327582594738,5.916546316563966,1.0
4.921362661247594,5.02073179746835,1.2327025730599304,7.2480584433356166
6.961503118689893,7.333895126402853,4.147636564269889,4.609966763705489
7.800596449138085,1.7029244993269617,5.643471577515719,1.0
8.212681888157277,6.077518500461274,4.88338594519706,1.5884263729423456
3.3433097554319997,1.555822428010154,6.39786002889974,2.7541842156599063
7.244845451535322,5.928843238398383,0.1974459880901135,5.911047857213242
6.477091005667092,5.549383504833362,4.903925623459927,3.234249660644231
9.329087036256077,6.154315068050782,6.632911145490106,1.0
5.003359060214361,2.3486714324417286,3.9452454074823557,3.1132344884585015
8.592020836553191,3.953058739679858,3.941762236048129,1.0
7.2494549871498615,5.683073870663083,1.317635654336794,4.9247681539148775
5.466246690847216,2.046160199661978,6.916043472832501,1.0
7.456325146041243,2.848613369854254,6.171384519284322,1.0
7.346238141912129,6.248329105969158,3.4455870672678364,3.7712665673932873
7.744351210363516,1.8184748000651907,2.163371505058537,1.0
8.046498636694963,5.593378186295511,3.4330549408923545,2.4157657263778054
7.614270782217276,8.278228748595135,0.6318016379563199,7.043196913645954
8.868359818737616,5.080890701618038,1.6283635065826736,2.28282632420142
7.397736725808288,5.619230588814774,1.531662591841041,4.545936585793145
9.323825928510775,5.1111862814068845,3.6851395990395766,1.0
7.52438426223366,1.5196310283927228,0.004784474686815643,2.183094575753016
5.162530187668453,5.161404751650313,6.425273301444525,3.4363962651069393
6.085762331139681,8.262238172989534,1.4102506834649877,8.31970026259852
7.057016637578819,7.509520718425021,0.913426819334278,6.899797836111439
8.126518375574669,4.563538389579318,5.018563428835713,1.0
3.6309336302235327,8.348079033398175,6.431465511150442,7.8193170126449925
5.065773161404087,7.712240345486341,5.909988605063555,5.953872459159681
8.232366054568601,6.204801385531319,2.2651216791338604,3.4994166675490312
4.229480493110146,1.407608224550459,0.15339027370500602,5.9433367963146875
3.925118584227485,4.100759799059211,4.1062642256384665,5.696080580227461
6.775854312890948,1.573839209008749,6.42056903236783,1.0
9.80042706847938,9.94711294429228,5.420565491739244,2.4027820290411
6.715966615919495,9.411245189964518,5.925366213053943,5.322079863730462
9.39440882137188,1.6211723154428241,6.024686266140855,1.0
8.813308336971781,9.403980063264376,6.723911251930305,2.2404761698941504
4.798790591942836,1.2856138392077114,2.6151354605836126,3.4393475386262367
8.772828687796851,4.679802422373235,6.593462494276292,1.0
6.372934809116188,7.920748563251345,2.76916893647698,6.750658824127765
8.645419456556365,7.892449146313406,0.7072251912648043,5.444398335297724
8.225915455019315,9.804999564316908,2.1123560760782834,6.49425185217555
5.3710067766132035,6.812927362874471,0.9551616820024303,8.336520580962032
3.8061879521483157,4.783257449940951,1.1025272021179209,8.487411375892238
9.740253050082142,9.935709387227911,6.640854724184264,1.611665542754774
3.985299105041179,4.442316569662348,5.542897674999102,4.891465957181094
9.765501466239265,8.826582567796375,6.7246347025811675,1.0
9.020984178291753,9.160905803721153,4.544261859513698,3.3225603273672304
8.069516984528628,4.380809804217888,1.2194186966887146,2.967634374257858
9.859595699473324,7.144573186913872,6.781200274332174,1.0
9.770888231100226,6.956132843129213,4.854922788047801,1.0
8.632113508143934,5.853702375269742,6.501916462897977,1.0
5.560425345838965,6.881806885768318,5.5089425481690375,4.976675309889572
8.534773780122563,4.129928984252352,1.5626604978644971,1.9683523027496586
3.0974305857063085,2.606262661037005,4.1226510904817255,5.4822376626448275
6.756006157883414,5.835326377582011,1.2274614099315455,5.701830725653431
6.183502194137123,5.759582855896084,2.147762605085706,5.684029828192326
7.709798673116275,7.550723268155153,4.8194890771927,3.4151778527497023
7.706385581457092,3.004211943696398,0.8914385530647485,2.531699870063285
7.091920641565162,1.03125965450417,5.101816691551993,1.0
8.75692110858742,1.2046179458976993,6.641516729549013,1.0
9.58204324245688,3.6852668983268364,6.640887118949321,1.0
3.758422715394615,7.061498719989103,2.7412099909432137,9.220244723857494
4.636753315481082,5.900008051225187,6.959981913833414,4.283915122719463
3.175172547525376,5.787402476470829,6.756287582012857,6.090313616737212
9.189643916503965,8.41024393638206,0.226679200489612,5.541947008958163
6.929851675749152,3.22760834653398,4.216720672156798,1.3145601958184443
9.406791361202117,4.115437614888641,6.447267514926556,1.0
4.54957040051793,3.4808475501561458,6.772721799311548,2.5842882999853174
3.442519288121368,9.436693250215601,1.5462667530590846,10.0
8.766987459733134,7.525215513180266,3.958851722842243,2.7285912528748817
9.365713468995244,2.015601748898296,6.55681455487978,1.0
5.115331221704752,8.28530365185275,0.9845035770399786,9.800692951508513
5.858070990567889,4.773165386425768,5.2174032967138775,3.136664812759434
3.9784390875505475,7.89448120762513,1.6659714760457787,10.0
9.623830730173623,8.95380959660837,6.876657584582498,1.0
5.130552090492037,1.140812167271946,1.1752119172610889,3.9333388831443505
6.448372332847441,2.8547345966519275,6.1972417737659615,1.0
3.680343990352751,1.9080704178325631,0.6210820879908845,6.675286084249131
9.210815159699516,1.3021864817885271,4.962760692016571,1.0
3.9496483409443557,6.380064070583974,4.473718815334153,7.232870076600047
6.175506298222248,7.329576401784358,6.206574606524752,4.108451338993464
7.693403531951199,1.438086891193742,3.1264095386845567,1.0
8.201980850662201,7.664869706318754,1.8564870839401333,4.989977785502269
9.621818600456024,4.620388157298157,1.7467860419469514,1.0
5.93388727390306,3.109053506388055,0.4745634604496365,5.034383654112028
8.195883103357211,2.9554228915979808,1.7966055907990037,1.2716546756904288
4.081660316868845,8.773572184030508,0.7562422085024049,10.0
5.9041916920576485,1.5079963152201485,0.00896810246282953,4.115089349982961
3.6931514429736993,5.535062640468411,2.7015596856738693,8.105176600834582
6.425429264527302,3.6033710621852695,5.128091461491381,1.5825177092714884
5.856811199883904,8.342076310869851,6.783712775739796,4.89688866581734
9.660650677667416,7.583657348044165,6.191863983110593,1.0
3.2290140079853282,3.8701332673227284,3.4515739543169333,6.805188036253936
5.593709711141048,6.381259068495361,2.650988023419813,6.536863985033163
6.103681602424912,7.052787112932223,3.82216777374918,5.642294325811458
9.653886188959989,3.8859860385368483,0.7099999174598512,1.0271254618555972
8.988151353141681,3.7158799162978293,3.3564247527801236,1.0
